Australia,Canada,China Hong Kong,Denmark,Hungary,India,Japan,Kuwait,Mexico,New Zealand,Norway,Philippines,Saudi Arabia,Singapore,South Africa,Sweden,Switzerland,Taiwan,Thailand,United Kingdom
0.025567655,-0.000988105,0,0.025776074,-0.021893815,0.000192374,0.04753001,-0.003837698,-0.004910359,0.049625477,0.027879267,-0.003647458,0.000133306,0.021649728,-0.02077177,0.034325536,0.028958807,-0.017765545,-0.001604922,0.005735215
0.06316473,0.001207443,-0.000224901,0.04165346,-0.038416862,0.003456324,0.07931765,-0.00751441,0.033678148,0.070081484,0.042511576,-0.01136525,0.000279973,0.038304468,-0.022597945,0.025677796,0.047386403,-0.016375669,-0.018123415,-0.020674856
0.07592302,0.00246957,0.000423414,0.052507972,-0.045938961,0.00676052,0.005868896,-0.003754783,0.050260352,0.045531227,0.049046253,-0.012636548,0.000253301,0.033391612,-0.04973448,0.040759276,0.046849258,-0.023693731,-0.02568638,-0.030867366
0.117031148,0.023242037,0.000461811,0.104731248,-0.089865794,0.007074563,0.061257867,-0.011157504,0.043596223,0.023235248,0.106982394,-0.013854429,0.000213296,0.034999484,-0.079757769,0.077445056,0.084572453,-0.016362434,-0.017652598,-0.01232795
0.142212388,0.034887722,0.000121496,0.088646567,-0.073157383,-0.012313021,0.063322538,-0.013703784,0.042352326,0.083622173,0.109216715,-0.043518533,0.000426613,0.053793076,-0.102059147,0.075393571,0.071624788,-0.009452647,-0.041749582,0.031477613
0.081313414,0.024483294,0.001064532,0.052183063,-0.041932492,-0.011303306,0.050656017,-0.010455737,0.016477178,0.049754626,0.054271354,-0.054658695,0.000733336,0.055107471,-0.075109191,0.054951266,0.028562114,-0.008809016,-0.040405698,0.018775501
0.119706531,0.028037565,0.002200752,0.087888283,-0.072446033,-0.014964624,0.092685144,-0.014905458,0.074692343,0.085961417,0.016754705,-0.089137208,0.001093446,0.06192485,-0.096433,0.098979432,0.057971316,-0.000679881,0.008216642,0.030204166
0.122296035,0.021009514,0.002560577,0.132276207,-0.111121213,-0.026676679,0.067756731,-0.01628163,0.102332373,0.146727026,-0.007580066,-0.090368215,0.001427026,0.057521219,-0.094831971,0.135801712,0.104628301,0.001891132,-0.001215289,0.059681574
0.190661876,0.041806435,0.002554146,0.142077562,-0.122474336,-0.028076329,0.08795482,-0.011929773,0.08430262,0.203557071,-0.0075147,-0.108217471,0.001573863,0.072656601,-0.123802039,0.158532794,0.098690047,-0.004460513,0.031565366,0.042964136
0.241369439,0.057865861,0.003563466,0.185045572,-0.152613963,-0.042127384,0.105173982,-0.016075597,0.081089861,0.231771443,-0.030900519,-0.188318521,0.00185418,0.08542339,-0.16107169,0.201723573,0.143784861,-0.031171883,0.074239691,0.062004547
0.22364219,0.065334505,0.004354999,0.156400239,-0.131712362,-0.039882385,0.126581506,-0.018095944,0.110232211,0.190028064,-0.027466555,-0.157583376,0.002147943,0.087810538,-0.178684836,0.20901181,0.105244765,-0.042417294,0.079502084,0.087742638
0.152399502,0.04101944,0.004825095,0.064323084,-0.062513629,-0.033106932,0.165717747,-0.023512647,0.100152634,0.190028064,0.022145101,-0.157672572,0.002428487,0.078741054,-0.157509236,0.13599135,0.026825862,-0.035613393,0.079502084,0.02832834
0.139092304,0.040714323,0.004921739,0.074402521,-0.067244151,-0.023441546,0.191027319,-0.0252053,0.102567433,0.191426316,0.021175941,-0.133873606,0.002669021,0.086861795,-0.176579527,0.149597623,0.043043799,-0.056310906,0.057672482,0.005778862
0.086305223,0.060534087,0.005205193,0.08668079,-0.076491994,-0.02408042,0.206258666,-0.022665944,0.111254031,0.154057841,0.010598771,-0.116982846,0.002682388,0.090261408,-0.168065159,0.180971295,0.063738074,-0.05354152,0.072443152,-0.006939614
0.086305223,0.089773181,0.005327629,0.043239518,-0.110493385,-0.021369411,0.286735318,-0.017009932,0.146452993,0.088440148,-0.005922036,-0.13438664,0.002642282,0.128601593,-0.194346347,0.245616289,0.096297364,-0.065398142,0.035974241,-0.020834268
0.135666685,0.116735754,0.005462993,0.047922614,-0.104033758,-0.021737775,0.273121174,-0.014010204,0.187956091,0.110708176,-0.003608185,-0.158941213,0.002642282,0.140456373,-0.190558301,0.232625487,0.103177841,-0.065714223,0.02542567,-0.013765246
0.127836604,0.110365108,0.005727264,0.00272199,-0.091932018,-0.021899314,0.225940294,-0.015227665,0.204181116,0.102680881,-0.028374066,-0.140112981,0.002669015,0.133966507,-0.186815684,0.232625487,0.139629396,-0.092616903,0.033767828,-0.019904354
0.131547159,0.131559287,0.005823973,0.003987146,-0.051175357,-0.018949292,0.286600447,-0.014940332,0.226004471,0.085882391,-0.022336773,-0.167733788,0.002682383,0.143428821,-0.186004217,0.24411064,0.14242336,-0.099997759,0.03901215,-0.028697605
0.131013928,0.124038394,0.005882007,0.03755242,-0.030706851,-0.016956235,0.292631385,-0.011033772,0.226364065,0.112679411,0.001595863,-0.180090792,0.002762586,0.1316816,-0.201919848,0.271806634,0.095591876,-0.107029909,0.032823832,-0.014558612
0.173095315,0.108597696,0.006043221,0.077813812,-0.010135009,-0.013935694,0.230955345,-0.003861511,0.224841204,0.182403127,0.034669556,-0.135286413,0.002842795,0.092840366,-0.213184844,0.296150524,0.0568761,-0.112672811,0.0715052,0.003766976
0.100132826,0.088378652,0.00613997,0.083401623,-0.011878597,-0.023234789,0.235013429,-0.001738391,0.195060038,0.100348263,0.038301462,-0.132104555,0.003123406,0.108725895,-0.261074716,0.269955736,0.022247583,-0.110360687,0.063992969,0.018648009
0.126523533,0.084101424,0.006339915,0.071398059,-0.009049541,-0.020978854,0.269995824,-0.00389826,0.23571022,0.119393751,0.041132746,-0.134899996,0.004179684,0.144827645,-0.290380227,0.271941213,0.032588506,-0.109588487,0.061475938,0.009565328
0.162687833,0.094564985,0.006539911,0.066909018,0.005466808,-0.014766483,0.279584978,-0.004094359,0.242145135,0.130138286,0.039526965,-0.129091149,0.004326934,0.150008858,-0.347466331,0.273261542,0.023860917,-0.107910553,0.084143404,-0.008552409
0.146666237,0.077812537,0.006772238,0.063843637,0.034832964,-0.015086498,0.356843135,-0.006792785,0.262308317,0.134376717,0.039584776,-0.115348794,0.004474198,0.159809954,-0.44353778,0.30270816,0.032251001,-0.119359837,0.080790547,0.013472466
0.13708777,0.082135651,0.006701217,0.030432403,0.011768456,-0.016731571,0.386013111,-0.009151675,0.270353655,0.135907311,0.027884143,-0.104950171,0.004835724,0.154298051,-0.412583303,0.277577076,0.063116488,-0.117925057,0.088016481,-0.014632895
0.160524675,0.072650266,0.006823833,0.036448663,0.012577601,-0.015735725,0.388717892,-0.007833242,0.280415439,0.150483874,0.054065237,-0.101387758,0.005090215,0.15240462,-0.408658038,0.305953008,0.058546572,-0.119717061,0.098189484,-0.012102114
0.201632295,0.079020074,0.00692063,0.046386859,0.036149879,-0.011850118,0.377224766,-0.005221544,0.30425013,0.206767672,0.067603153,-0.093874045,0.005157215,0.159973859,-0.400863975,0.318395388,0.044546452,-0.116489369,0.103352933,-0.003662833
0.211772481,0.097010662,0.007056186,0.081745867,0.076330651,-0.009733587,0.334359517,0.001073109,0.258372704,0.230613536,0.124742758,-0.083356821,0.005304615,0.140260787,-0.355770228,0.334121,0.004285385,-0.12302147,0.110729476,0.021277409
0.27876434,0.12725084,0.007230486,0.122911723,0.126015932,-0.006425413,0.289460699,0.006815194,0.226929319,0.318107294,0.183282855,-0.073210644,0.005545852,0.125409835,-0.295496055,0.405069786,-0.029915485,-0.135433855,0.134739808,0.027332019
0.271592994,0.133308517,0.007224029,0.187476598,0.183137618,0.000123844,0.244986559,0.015815308,0.200425274,0.340901975,0.265966215,-0.072026158,0.005679892,0.113425347,-0.327234114,0.492086764,-0.081932809,-0.150059505,0.156849926,0.071214718
0.235697541,0.08799618,0.007295054,0.180539983,0.180890099,0.008140978,0.245944128,0.017599006,0.222628276,0.298455533,0.252731114,-0.08562374,0.006095464,0.111526492,-0.316107686,0.446713608,-0.085081994,-0.139547738,0.143830983,0.099410895
0.253690377,0.105844883,0.007366084,0.183072214,0.188901721,0.015030387,0.23520517,0.01759856,0.217781464,0.299134043,0.272404191,-0.092159082,0.006752513,0.104543858,-0.328247071,0.46581409,-0.072843746,-0.126933288,0.139619329,0.090525178
0.239947615,0.088374337,0.007495236,0.193593062,0.214550419,0.021247151,0.269098563,0.018002578,0.186441802,0.307735425,0.299279066,-0.099147172,0.007664766,0.121721993,-0.322965429,0.487503549,-0.08936359,-0.108372486,0.112393755,0.110555672
0.26931485,0.103699622,0.007734188,0.197073632,0.2346143,0.024578208,0.278817605,0.019047591,0.202108786,0.359309068,0.300568597,-0.10798139,0.008228809,0.11504648,-0.282060811,0.506415157,-0.086743407,-0.111720117,0.112393622,0.106874099
0.287490978,0.104234007,0.007934467,0.205329674,0.26760815,0.028652732,0.280729118,0.019621524,0.210659688,0.399464283,0.326886686,-0.111345727,0.008605148,0.116056658,-0.218853511,0.52831452,-0.081761029,-0.11337993,0.107647571,0.103236755
0.295161949,0.09631004,0.008070172,0.27114391,0.353379501,0.039375761,0.240014081,0.027898471,0.179160322,0.47132845,0.406457009,-0.104907918,0.009062229,0.095920075,-0.150309681,0.598081383,-0.150575138,-0.113954476,0.118523347,0.14324829
0.350727972,0.131531478,0.007986141,0.300011557,0.341385454,0.045970699,0.254368103,0.029822566,0.138741708,0.534980499,0.407464332,-0.108314186,0.009411983,0.099350384,-0.137694735,0.613844997,-0.1595214,-0.113954476,0.12764332,0.169327843
0.401569713,0.164405679,0.008167074,0.30834858,0.35434749,0.051839109,0.237461223,0.027688988,0.131491322,0.575111582,0.369216738,-0.115496389,0.00974837,0.099811915,-0.079901007,0.639165648,-0.166221453,-0.112221329,0.127695873,0.121826473
0.399547328,0.181004398,0.008179998,0.326533835,0.357766043,0.059508435,0.242475943,0.029369627,0.162023424,0.574000779,0.356757951,-0.093966527,0.010111813,0.116236792,-0.047979412,0.645921297,-0.16832352,-0.112004129,0.12585182,0.127917796
0.452039094,0.212677969,0.008444976,0.358270932,0.402050079,0.063029496,0.250963107,0.03194986,0.224102657,0.594594163,0.410500116,-0.06994173,0.010381118,0.123334025,0.036803096,0.70928149,-0.164612532,-0.108531341,0.126967655,0.142533593
0.51552127,0.267637808,0.008503164,0.430826613,0.461474162,0.071481629,0.255989559,0.031879933,0.22230817,0.650855345,0.477691943,-0.079267827,0.010690887,0.09707885,-0.05729192,0.802227159,-0.19914152,-0.112458664,0.157611507,0.173030835
0.564170076,0.283684362,0.008444965,0.396975344,0.343383155,0.087254513,0.262375057,0.02946837,0.216689617,0.680070507,0.369939711,-0.076192018,0.011095071,0.113802414,0.018179105,0.749867518,-0.168288668,-0.114384892,0.14973407,0.18412505
0.51555455,0.240000294,0.008341514,0.370147213,0.337299278,0.097486013,0.268523763,0.032901191,0.213524772,0.669207244,0.367999045,-0.093048744,0.011526333,0.112280479,0.040494913,0.707067694,-0.156574736,-0.118979734,0.151389851,0.155396039
0.518161916,0.260524382,0.008335049,0.338195711,0.344863949,0.106396007,0.227014104,0.033279393,0.155453791,0.667121459,0.323370962,-0.092540512,0.012133034,0.10912828,0.060868857,0.677756396,-0.139518378,-0.123683911,0.176104475,0.1391287
0.591104774,0.297114593,0.001472934,0.418365942,0.452644086,0.108570333,0.172491073,0.052164066,0.158745458,0.721005318,0.405408305,-0.086467503,0.012632197,0.093797269,0.123211283,0.809900204,-0.192564112,-0.130304362,0.14172619,0.19760494
0.671183598,0.32950233,0.004976933,0.415564729,0.428911374,0.120137044,0.154416336,0.055093622,0.159449406,0.785154609,0.404131447,-0.089430023,0.013158608,0.101780198,0.141798993,0.793773711,-0.183083299,-0.135569499,0.149148414,0.225567529
0.70985154,0.349909741,0.005876612,0.45903748,0.470737709,0.133087624,0.151359367,0.055808938,0.128988728,0.862033204,0.456393782,-0.090347558,0.01352324,0.091321788,0.235978926,0.860296313,-0.209773854,-0.131087794,0.151015715,0.24474945
0.785268136,0.359766958,0.006401662,0.53349657,0.567136824,0.130226133,0.126938811,0.057601057,0.151099562,0.919559155,0.494845095,-0.081938139,0.013685377,0.075131219,0.190109742,0.942725603,-0.245795933,-0.133401809,0.142920979,0.297533881
0.809554254,0.321849404,0.008646789,0.510752635,0.544522485,0.14023824,0.113796078,0.056918186,0.176778032,0.966056801,0.417453028,-0.083767729,0.013928625,0.073251352,0.128944416,0.899728204,-0.231248499,-0.148224776,0.154444702,0.322159743
0.841093229,0.312028224,0.01064849,0.511948411,0.602527302,0.142472869,0.149079806,0.058747053,0.177449182,1.017322487,0.41290143,-0.084676068,0.014212509,0.07825369,0.205422874,0.902112041,-0.224872436,-0.148033259,0.154882928,0.351150012
0.828475763,0.340485641,0.012470981,0.498160171,0.65033817,0.191361262,0.09105466,0.05925014,0.171271833,0.965693851,0.449169285,-0.076315486,0.014280123,0.061829108,0.278035634,0.867953486,-0.226239121,-0.156239712,0.155470954,0.341646869
0.733786235,0.280828066,0.014294382,0.463052269,0.610450562,0.22083964,0.152852882,0.059824902,0.15257282,0.85066423,0.451409749,-0.068457355,0.014253072,0.077858639,0.159685533,0.8479153,-0.208083099,-0.148774438,0.135354369,0.297609566
0.71924734,0.291845655,0.014339967,0.492229717,0.650996632,0.246987032,0.155713174,0.059824902,0.157080189,0.866218689,0.484222108,-0.062353584,0.014347721,0.07789034,0.24273768,0.893929215,-0.234589133,-0.144818506,0.151128745,0.344429559
0.683950651,0.315413567,0.016115318,0.488749155,0.664429738,0.233795202,0.14209853,0.061297854,0.150680039,0.893196779,0.436976191,-0.062023922,0.014672234,0.091898405,0.309142565,0.877435823,-0.235182672,-0.135830504,0.151128745,0.333357988
0.698990127,0.327625641,0.017066755,0.473530424,0.676056417,0.226295588,0.16730831,0.062665802,0.168396882,0.89686026,0.42305841,-0.054908369,0.014969819,0.09113646,0.304934752,0.840427431,-0.218515135,-0.12589632,0.139781356,0.340678417
0.718787303,0.339596902,0.018136535,0.487412946,0.701806011,0.230062295,0.150693559,0.063494157,0.177254877,0.970452856,0.442441514,-0.053972961,0.015226899,0.086172777,0.233219858,0.885803189,-0.224653301,-0.123714109,0.131535385,0.329925698
0.767682173,0.394192689,0.018652515,0.519443087,0.767115182,0.242124588,0.157376837,0.064864935,0.181779575,1.036571395,0.479898201,-0.051547318,0.015362246,0.067915163,0.27321316,0.941885661,-0.235923524,-0.125134659,0.131535385,0.341035708
0.826849704,0.446292363,0.018233012,0.558286605,0.83049603,0.262535552,0.114572742,0.06519009,0.174743889,1.069065861,0.399232912,-0.048415427,0.015416394,0.056691502,0.343096644,0.990553903,-0.265745846,-0.138354387,0.131535385,0.360838466
0.901385572,0.48364662,0.018678754,0.48678907,0.92711874,0.287976299,0.07949355,0.065226236,0.212804207,1.172854775,0.33630606,-0.042819513,0.015429931,0.039032877,0.430355069,0.880467713,-0.306869864,-0.170163461,0.083421689,0.421467375
0.925941475,0.472632409,0.020122023,0.454783308,0.979503638,0.320808354,0.078414016,0.06537059,0.22813388,1.198631938,0.322661791,-0.037193762,0.015375777,0.037215633,0.477797982,0.86215197,-0.306357284,-0.180092224,0.099136229,0.430791032
0.907955919,0.472632409,0.02514564,0.514204455,0.907284421,0.317768399,0.090777337,0.055251364,0.22677964,1.171301624,0.383841288,-0.016487928,0.015646512,0.040571398,0.400696065,0.945832838,-0.275972884,-0.174816177,0.091266314,0.407784248
0.958839344,0.458813477,0.026007038,0.487486279,0.981191642,0.321769958,0.102101174,0.056118159,0.248162981,1.233599829,0.348435209,-0.006740843,0.01571422,0.033412825,0.445808706,0.903253663,-0.294009147,-0.193653711,0.083821278,0.439684551
0.912787459,0.435606575,0.026329378,0.520330048,0.902840992,0.321918149,0.132106447,0.056081985,0.245494134,1.190699083,0.375351102,-0.008364891,0.015890231,0.049594209,0.348350067,0.965590727,-0.27298834,-0.179108948,0.107540046,0.41472694
0.934702291,0.486934478,0.027073818,0.530877239,0.858185828,0.328287121,0.112809143,0.05666072,0.263343117,1.255838721,0.372236806,0.006641726,0.016039209,0.041107183,0.384239058,0.983655203,-0.272431709,-0.179637771,0.118164013,0.432038585
0.881328013,0.486768396,0.029586561,0.596843175,0.7705437,0.322122197,0.145128911,0.057384832,0.290843876,1.18264837,0.398225935,0.001411887,0.016115067,0.059559639,0.245037006,1.062603885,-0.239663673,-0.17604281,0.150199125,0.367145411
0.895801415,0.451702766,0.030414077,0.631260047,0.790561034,0.332282573,0.179306347,0.058000612,0.31452934,1.156617429,0.426968592,-0.021662426,0.016277624,0.076151174,0.262825617,1.165214608,-0.216829242,-0.182246995,0.131937699,0.345980698
0.893892082,0.454272226,0.030646014,0.629506631,0.815726589,0.334735003,0.196293921,0.05861654,0.342700308,1.123906631,0.415586972,-0.022315837,0.01653502,0.059945728,0.28676798,1.159735738,-0.212308675,-0.173339145,0.125175252,0.32303446
0.874662717,0.408450017,0.030420541,0.610775285,0.847378185,0.334735003,0.189683335,0.058761521,0.324964643,1.157841714,0.397564929,-0.022475256,0.016833111,0.076869127,0.314828057,1.101862376,-0.227213934,-0.152009334,0.136578708,0.352147409
0.908452348,0.375865387,0.03255058,0.645442035,0.774557521,0.339738307,0.216522483,0.059160331,0.335018898,1.166783182,0.428344249,-0.014754978,0.016900647,0.080849458,0.3365047,1.154266179,-0.20688649,-0.139162764,0.14458502,0.330588198
0.869013993,0.398972215,0.033369456,0.658806311,0.763143591,0.306184382,0.252259058,0.059377945,0.339500573,1.192456555,0.425185213,0.008801394,0.017713916,0.085974919,0.269534788,1.216637904,-0.203554798,-0.126223559,0.138247714,0.331911442
0.853442017,0.387058316,0.033775847,0.685458381,0.717983189,0.284784797,0.290747035,0.059813216,0.371390445,1.208549803,0.475985988,0.028391146,0.018161552,0.083896485,0.319886164,1.255958827,-0.187041644,-0.125074454,0.128104068,0.301863363
0.8387871,0.387854373,0.033789182,0.688640462,0.724277516,0.312935111,0.277832868,0.061010274,0.369913184,1.144949237,0.486802451,0.049513761,0.018419436,0.066539255,0.346630325,1.225731234,-0.182444725,-0.139972945,0.135581518,0.291727518
0.896674416,0.358449215,0.034928718,0.642297333,0.77990251,0.342795882,0.271746587,0.061373416,0.397619025,1.162557261,0.463808441,0.069034769,0.01881309,0.040854669,0.404664196,1.121953316,-0.20399253,-0.159293415,0.194704199,0.245371852
0.863720291,0.353038681,0.035522364,0.67425283,0.741293708,0.339364705,0.263220342,0.062136035,0.400019903,1.093643057,0.486422853,0.08144206,0.019166202,0.040758268,0.388834277,1.212821639,-0.183106046,-0.144817209,0.188031733,0.263697556
0.788486682,0.387014623,0.036223085,0.651966736,0.696289405,0.336268411,0.29186218,0.062754191,0.346294738,0.931078995,0.446335291,0.0939557,0.019234141,0.039953114,0.392571208,1.177676469,-0.183607804,-0.141887594,0.196496002,0.276055359
0.900508426,0.329949251,0.035768434,0.585571278,0.768341576,0.327524351,0.253794564,0.062826968,0.325870635,1.01138301,0.356434351,0.08305809,0.0195467,0.017131957,0.41999953,1.055597716,-0.223213654,-0.152845429,0.154014471,0.213963361
0.888725073,0.307110518,0.036816536,0.556589963,0.808688535,0.287780563,0.235582118,0.062826968,0.302472896,1.014614398,0.335051289,0.06287577,0.020008938,0.01489931,0.279504773,1.020206417,-0.239279457,-0.145730553,0.136197335,0.178150267
0.862556697,0.321408682,0.039172461,0.56734787,0.666287806,0.296011151,0.264966882,0.063084297,0.306761836,0.935764795,0.37020008,0.059529313,0.02032183,0.019945078,0.201874288,1.02365921,-0.230369865,-0.133383446,0.138578345,0.192573569
0.92123894,0.343734781,0.041185798,0.57427381,0.729675212,0.282429235,0.272300404,0.063746207,0.353997089,0.959609164,0.361097361,0.094490023,0.020689143,0.01825895,0.238917001,1.031321884,-0.223593341,-0.121169489,0.129361484,0.182098
0.915715916,0.319879622,0.042966725,0.571714378,0.707105912,0.284632825,0.308113028,0.063672525,0.354814284,1.080226493,0.393046866,0.11069393,0.020852447,0.017201517,0.193086007,1.04315018,-0.220158256,-0.115387601,0.13752346,0.160160421
0.872844755,0.328001185,0.046003429,0.590066988,0.721012256,0.303191074,0.322832487,0.06400355,0.346172131,1.078866724,0.440558874,0.125939277,0.020961335,0.027583986,0.107239576,1.068301072,-0.20482078,-0.110255148,0.142958922,0.181306341
0.942314254,0.334828361,0.045649356,0.579682807,0.817315326,0.332090529,0.31832925,0.064260981,0.377552671,1.135101185,0.447959253,0.135894983,0.021043012,0.009597035,0.166712978,1.044704355,-0.208755504,-0.103910058,0.116490905,0.156509588
0.982605834,0.361045368,0.046436234,0.520296624,0.918593341,0.343612801,0.30669816,0.064592131,0.349489962,1.186713482,0.357489904,0.14029064,0.021396993,0.000338908,0.203385438,0.929310707,-0.23724897,-0.124691476,0.090671324,0.119873555
0.981175308,0.387431953,0.047614407,0.530180551,0.951749294,0.365318819,0.349965092,0.06521805,0.372727936,1.255232237,0.374108648,0.157243935,0.021887361,-0.00221759,0.228808022,0.935717523,-0.2210107,-0.116506574,0.093155594,0.125730226
0.94815117,0.408040507,0.052918761,0.554514404,0.893443744,0.372281374,0.375107787,0.065254851,0.347940858,1.201213927,0.383677691,0.155194069,0.022418718,0.000626521,0.197557155,0.97434831,-0.202329555,-0.105900411,0.139475342,0.125897019
0.982999176,0.399903787,0.054361264,0.529466674,0.934667575,0.373724699,0.351535547,0.06543904,0.335408449,1.247209621,0.357886741,0.14654429,0.022473251,-0.002181631,0.198270808,0.988860266,-0.217718222,-0.105005131,0.171378117,0.127270909
1.034177677,0.378005659,0.055636786,0.519147144,1.012841594,0.407439359,0.352773188,0.064996882,0.355439225,1.297941668,0.350347043,0.14009682,0.022841383,-0.007793672,0.20549659,0.985862995,-0.21596632,-0.100361126,0.206669147,0.128259843
1.096639034,0.317437012,0.05759392,0.482121499,1.066126897,0.492129913,0.374644197,0.064407326,0.368229635,1.39157115,0.315617548,0.124858657,0.023291395,-0.004657498,0.245878638,0.902264047,-0.223021419,-0.093805738,0.199372286,0.150355896
1.086413724,0.273504518,0.056841644,0.503682801,1.02251031,0.515310024,0.406000474,0.062742889,0.393438539,1.378736554,0.33583626,0.157130158,0.023523354,0.004032669,0.236260585,0.965658571,-0.209255284,-0.100200322,0.195848368,0.138026398
1.139725552,0.268017569,0.058646161,0.498127738,1.067565222,0.513440455,0.430660281,0.063112153,0.389782506,1.495431526,0.306934878,0.158280721,0.023946391,0.006563251,0.252136358,0.94614019,-0.207298178,-0.103222691,0.193349134,0.154606537
1.16293056,0.273756878,0.060857755,0.478947767,1.053202622,0.527720078,0.382555048,0.086202444,0.373333273,1.490698781,0.288749846,0.183263282,0.024260433,0.001062255,0.248732953,0.913104643,-0.22010608,-0.102181615,0.168195356,0.169808158
1.052678979,0.262575115,0.057537213,0.489054483,1.018281927,0.511255158,0.350320895,0.084812994,0.3629397,1.268812064,0.289781861,0.153471628,0.024861324,0.007625975,0.24150024,0.962441014,-0.214842782,-0.09471141,0.188059514,0.161784879
1.22807371,0.178700665,0.061627754,0.425433085,1.137697097,0.550488474,0.344741354,0.078894614,0.378865873,1.443284537,0.381847351,0.192488733,0.022845001,-0.017168163,0.295650266,0.829165659,-0.240390255,-0.101252055,0.187903383,0.174171837
1.334683081,0.123008933,0.059529349,0.401027898,1.178930567,0.573376794,0.352671029,0.069884186,0.411408578,1.4944744,0.39044421,0.230843801,0.023145809,-0.039741463,0.370811179,0.803007591,-0.244763941,-0.104877168,0.178789867,0.198126715
1.228253186,0.178058137,0.065514543,0.382314559,1.198133511,0.563442676,0.303669444,0.063661978,0.389837204,1.493815501,0.351725145,0.258209345,0.018662326,-0.038511066,0.32495837,0.807304979,-0.263287786,-0.103706088,0.1749949,0.186955956
1.216031865,0.163326664,0.06846573,0.388337726,1.197850984,0.574920542,0.317333122,0.059171063,0.389543739,1.512353832,0.38120655,0.304601015,0.030992018,-0.04115929,0.325286706,0.835621766,-0.259781655,-0.09403336,0.170621682,0.149555417
1.258745388,0.139467667,0.069137553,0.407391635,1.185737809,0.579664348,0.251529903,0.059947581,0.405480834,1.567869955,0.380873632,0.330306797,0.03114332,-0.055123446,0.210754358,0.865837513,-0.292610615,-0.0985818,0.194324574,0.150049642
1.373460412,0.173107834,0.067347725,0.44467728,1.200276148,0.60739653,0.227022157,0.05819157,0.423779957,1.640034879,0.442246972,0.336578593,0.031267406,-0.069448573,0.176636088,0.92713121,-0.320440222,-0.127772796,0.251421109,0.15307013
1.324450524,0.119241301,0.068753948,0.506828506,1.339288411,0.608032744,0.171720615,0.033405063,0.436365735,1.601064175,0.483624673,0.297797149,0.03536427,-0.079154932,0.132326699,1.00448608,-0.359001323,-0.13672833,0.251262037,0.154575858
1.407574205,0.140416845,0.071406412,0.480977449,1.381049005,0.596440383,0.228546048,0.038710248,0.463374828,1.59934721,0.479765934,0.284164542,0.035861404,-0.091942749,0.224502474,0.990328925,-0.327189659,-0.134164316,0.242596617,0.152929842
1.445204615,0.156220345,0.073513502,0.481122628,1.49926516,0.526089523,0.242783821,0.033910321,0.493213122,1.618244587,0.486219853,0.243266797,0.036400077,-0.086823923,0.219825071,0.989825496,-0.324983901,-0.133536599,0.212917214,0.152993899
1.471932291,0.132712654,0.073375725,0.50439687,1.604392,0.515019142,0.250134139,0.034573922,0.505252378,1.558256948,0.493731777,0.214367244,0.036469194,-0.08894661,0.20046256,0.986111273,-0.342267789,-0.133007479,0.178836194,0.163923379
1.432455419,0.120983478,0.074586302,0.491773569,1.620382176,0.539683951,0.27615704,0.037995161,0.552332228,1.47183504,0.486539386,0.236445605,0.036648828,-0.081097919,0.293440538,0.980904037,-0.323881874,-0.139780593,0.177901386,0.161171622
1.227033723,0.084591417,0.075543323,0.408331351,1.437209909,0.495731778,0.283403647,0.032345683,0.520379727,1.384330443,0.413081549,0.190080186,0.037035724,-0.050644103,0.237668959,0.85918678,-0.293355151,-0.163655782,0.152931134,0.067857146
1.033446268,0.089861654,0.070575312,0.477373516,1.275603089,0.589486372,0.261211124,0.036518025,0.42630898,1.269588667,0.290009426,0.218688362,0.041071665,-0.039396868,0.154103062,0.98546417,-0.276859035,-0.179639169,0.167841245,0.094723557
0.676279202,-0.055924218,0.072511566,0.332167755,0.923479889,0.520020098,0.158181986,0.025303007,0.236176399,0.962506766,0.125620319,0.172509055,0.045437868,-0.004126399,-0.03661771,0.770165312,-0.248171701,-0.156346773,0.130963551,-0.010650941
0.656834985,-0.0753522,0.072871444,0.334990716,0.916719558,0.507816202,0.121714065,0.023745661,0.193690389,0.854175183,0.082966652,0.173535433,0.046732726,0.01228111,-0.049009598,0.678688803,-0.218299628,-0.163643762,0.124797654,0.038047832
0.775684007,-0.06986819,0.073120648,0.46119271,1.048194061,0.554692098,0.064070708,0.018381261,0.153559409,0.982472729,0.086302505,0.212720154,0.046732559,0.059817229,0.040932847,0.734399515,-0.337035802,-0.174714003,0.152838697,-0.028618534
0.616179703,-0.073530403,0.073826234,0.342471747,0.656270595,0.554279108,0.054544378,-0.022097415,0.118277971,0.706099372,0.102201016,0.220336767,0.046913857,0.009922688,-0.053419432,0.628982333,-0.283954299,-0.189369405,0.149848966,-0.025562602
0.627256327,-0.094921706,0.074151679,0.332921661,0.645552322,0.488464846,0.138335193,-0.034310054,0.072098543,0.688994571,0.081664307,0.188935979,0.04765341,-0.013076258,-0.030996151,0.511090919,-0.280928926,-0.218510178,0.116764746,-0.036560394
0.767552753,-0.102587161,0.073666381,0.39354204,0.684367443,0.506009523,0.149433928,-0.025665834,0.150471429,0.913444742,0.130035192,0.203908255,0.04773721,0.004537462,0.02964273,0.642545484,-0.298344585,-0.241326829,0.142043053,-0.041909147
0.870006812,-0.157000485,0.073960109,0.391914889,0.807523515,0.531486013,0.145458842,-0.023323742,0.176045625,0.910264363,0.16121904,0.207757836,0.047848961,0.033463158,0.155187312,0.696067675,-0.296873125,-0.254011813,0.150605838,-0.010020343
1.034381309,-0.231003553,0.074548863,0.485333793,0.967403943,0.628120308,0.110156115,-0.0098742,0.243087727,1.140641452,0.213840497,0.237466767,0.047946758,0.05640423,0.223363824,0.777071513,-0.346143751,-0.261963465,0.181532684,0.073789789
1.059550879,-0.188640167,0.074507256,0.47222423,1.043026099,0.605120445,0.122371437,-0.009876115,0.248538934,1.168937946,0.187042686,0.220976467,0.048128408,0.055015925,0.280294995,0.755207555,-0.333332957,-0.250620853,0.191569976,0.096416564
1.122163214,-0.25112758,0.074833122,0.489216939,1.122446912,0.607458371,0.10736699,-0.008670761,0.249049013,1.208197555,0.240907572,0.225858676,0.048240214,0.059105801,0.269038204,0.629162579,-0.340152741,-0.248894238,0.193669864,0.103795003
1.156786032,-0.239503281,0.075165971,0.508664642,1.118507489,0.58171796,0.078204217,-0.007255581,0.244390387,1.302268781,0.273033558,0.21146309,0.048352021,0.060141789,0.284477524,0.598813298,-0.352227868,-0.245394964,0.195055818,0.085027271
1.260804093,-0.257355107,0.075283908,0.536887344,1.184108102,0.608786605,0.038803286,-0.004970694,0.232538763,1.430165773,0.317654944,0.251146795,0.048533743,0.084189381,0.327334588,0.575993471,-0.364188739,-0.258234775,0.217095821,0.064706121
1.320433205,-0.254664325,0.075497586,0.552673995,1.181746472,0.650707305,0.050194093,-0.002746082,0.269736819,1.433533283,0.343051473,0.248420247,0.048701527,0.092624373,0.29174138,0.594020989,-0.372431412,-0.247275072,0.217277544,0.097030075
1.357801223,-0.238606102,0.07580293,0.580555445,1.233483277,0.66970224,-0.004372291,0.00249601,0.29942061,1.413366164,0.349293542,0.263702532,0.048757458,0.103616853,0.3670782,0.576617866,-0.384912042,-0.253374238,0.224070202,0.092408256
1.323654256,-0.242881459,0.076582543,0.50964084,1.169130301,0.672837187,0.067474281,-0.004413952,0.28910778,1.460492092,0.328030151,0.294956006,0.049079002,0.089131682,0.387733057,0.614105617,-0.367468235,-0.248756843,0.220669105,0.074982957
1.3031727,-0.255131446,0.078432015,0.461417721,1.103246883,0.689538819,0.038447017,-0.007392695,0.301142699,1.387471558,0.303160528,0.291710455,0.048972688,0.089535097,0.361601323,0.662128899,-0.355271201,-0.247555098,0.226706388,0.066891169
1.328688124,-0.249094975,0.078348643,0.435982444,1.0860062,0.696128077,0.01746573,-0.006910916,0.326407323,1.370287325,0.301539537,0.306545002,0.049140539,0.088379115,0.34941149,0.60153288,-0.343991499,-0.24259634,0.232168987,0.012510231
1.393692725,-0.218343842,0.078786122,0.423683344,1.105736276,0.745620911,0.066270877,-0.014360439,0.377577405,1.412917962,0.297768172,0.337631759,0.049378356,0.094474078,0.414254406,0.617381663,-0.356585822,-0.247506338,0.260496281,0.009019256
1.435730064,-0.219587441,0.07901543,0.399450614,1.061188553,0.771605053,0.073011289,-0.007857768,0.390640601,1.488121866,0.306327138,0.3640116,0.049616188,0.116321035,0.419084627,0.630191399,-0.341309602,-0.254350704,0.259892174,0.018269383
1.190252902,-0.247156725,0.082716119,0.503330567,0.845068538,0.699056184,0.037786667,-0.051359534,0.32022735,1.291100446,0.185743898,0.314349546,0.049882131,0.09263405,0.363912296,0.741310311,-0.298075542,-0.238470215,0.254045321,0.068739936
1.213633152,-0.256497005,0.082896881,0.508042629,0.783707375,0.702790244,0.008006458,-0.018543102,0.32843755,1.343266409,0.184330171,0.316353041,0.050260086,0.089781218,0.375583884,0.751580654,-0.349768573,-0.233881533,0.258922805,0.100038843
1.375784785,-0.232991375,0.080089674,0.600551353,0.905734781,0.712446128,-0.013256294,-0.004916416,0.358327971,1.470707104,0.267264632,0.343755763,0.0503021,0.06010673,0.449480285,0.881716649,-0.369813166,-0.235151131,0.264121943,0.150501588
1.344808091,-0.259271059,0.082157124,0.56253696,0.844742338,0.697071746,-0.045059808,-0.007231566,0.307881732,1.394307633,0.224241114,0.353853209,0.050652241,0.063903096,0.442954448,0.837603708,-0.390020081,-0.235258598,0.30404953,0.129094997
1.55105363,-0.230084714,0.080154699,0.672860088,1.054178689,0.784320507,-0.049731716,0.005831417,0.374947137,1.516903188,0.314438915,0.402967257,0.050932426,0.031597749,0.530810025,1.000363173,-0.413428159,-0.254614182,0.344901711,0.157568304
1.591444885,-0.223353622,0.078846703,0.702366981,1.135833635,0.816497305,-0.085458399,0.019237065,0.399043677,1.621147546,0.309104632,0.433356807,0.051114601,0.014665055,0.541746479,1.019033625,-0.409409347,-0.269471463,0.362429692,0.174595215
1.545449133,-0.230079173,0.080945692,0.806433897,0.92160147,0.767924668,-0.050515638,0.013271809,0.387019638,1.555753687,0.241565509,0.401559412,0.051464952,-0.006676202,0.519737784,0.928636536,-0.401324945,-0.27236679,0.351588786,0.143982691
1.72525876,-0.20409945,0.082377408,0.861221115,1.011393892,0.823347415,-0.081912888,0.018912725,0.405348835,1.687139831,0.325593497,0.395626368,0.051563093,-0.038803844,0.632436382,1.011507941,-0.444098456,-0.305560319,0.355954841,0.150341123
